{
	"IcoMoonType": "selection",
	"icons": [
		{
			"icon": {
				"paths": [
					"M512 153.6c-197.939 0-358.4 160.41-358.4 358.4 0 197.888 160.461 358.4 358.4 358.4s358.4-160.512 358.4-358.4c0-197.99-160.461-358.4-358.4-358.4z"
				],
				"attrs": [],
				"isMulticolor": false,
				"tags": [
					"controller-record"
				],
				"grid": 20
			},
			"attrs": [],
			"properties": {
				"id": 8,
				"order": 15,
				"prevSize": 40,
				"code": 59650,
				"name": "controller-record"
			},
			"setIdx": 0,
			"setId": 2,
			"iconIdx": 0
		},
		{
			"icon": {
				"paths": [
					"M819.2 255.744v502.17c0 33.843-27.443 61.286-61.235 61.286h-502.118c-28.211 0-51.046-22.835-51.046-51.046v-502.118c0-33.792 27.443-61.235 61.235-61.235h502.17c28.16 0 50.995 22.835 50.995 50.944z"
				],
				"attrs": [],
				"isMulticolor": false,
				"tags": [
					"controller-stop"
				],
				"grid": 20
			},
			"attrs": [],
			"properties": {
				"id": 9,
				"order": 16,
				"prevSize": 40,
				"code": 59651,
				"name": "controller-stop"
			},
			"setIdx": 0,
			"setId": 2,
			"iconIdx": 1
		},
		{
			"icon": {
				"paths": [
					"M716.8 256h-204.8v102.4h204.8v-102.4zM716.8 409.6h-204.8v51.2h204.8v-51.2zM460.8 256h-153.6v204.8h153.6v-204.8zM460.8 563.2h256v-51.2h-256v51.2zM614.4 665.6h102.4v-51.2h-102.4v51.2zM716.8 716.8h-409.6v51.2h409.6v-51.2zM563.2 614.4h-256v51.2h256v-51.2zM409.6 512h-102.4v51.2h102.4v-51.2zM870.4 51.2h-716.8c-28.314 0-51.2 22.886-51.2 51.2v819.2c0 28.262 22.886 51.2 51.2 51.2h716.8c28.314 0 51.2-22.938 51.2-51.2v-819.2c0-28.262-22.886-51.2-51.2-51.2zM819.2 870.4h-614.4v-716.8h614.4v716.8z"
				],
				"attrs": [],
				"isMulticolor": false,
				"tags": [
					"news"
				],
				"grid": 20
			},
			"attrs": [],
			"properties": {
				"id": 2,
				"order": 22,
				"prevSize": 40,
				"code": 59649,
				"name": "news"
			},
			"setIdx": 0,
			"setId": 2,
			"iconIdx": 7
		},
		{
			"icon": {
				"paths": [
					"M0 384l383.75 383.75 383.75-383.75h-767.5z"
				],
				"width": 767,
				"attrs": [],
				"isMulticolor": false,
				"tags": [
					"triangle-down"
				],
				"defaultCode": 61531,
				"grid": 16
			},
			"attrs": [],
			"properties": {
				"id": 4,
				"order": 17,
				"prevSize": 32,
				"code": 61531,
				"name": "triangle-down"
			},
			"setIdx": 0,
			"setId": 2,
			"iconIdx": 2
		},
		{
			"icon": {
				"paths": [
					"M0 511.875l383.75 383.75v-767.5l-383.75 383.75z"
				],
				"width": 383,
				"attrs": [],
				"isMulticolor": false,
				"tags": [
					"triangle-left"
				],
				"defaultCode": 61508,
				"grid": 16
			},
			"attrs": [],
			"properties": {
				"id": 5,
				"order": 18,
				"prevSize": 32,
				"code": 61508,
				"name": "triangle-left"
			},
			"setIdx": 0,
			"setId": 2,
			"iconIdx": 3
		},
		{
			"icon": {
				"paths": [
					"M0.062 128.25l383.75 383.75-383.75 383.75v-767.5z"
				],
				"width": 383,
				"attrs": [],
				"isMulticolor": false,
				"tags": [
					"triangle-right"
				],
				"defaultCode": 61530,
				"grid": 16
			},
			"attrs": [],
			"properties": {
				"id": 6,
				"order": 19,
				"prevSize": 32,
				"code": 61530,
				"name": "triangle-right"
			},
			"setIdx": 0,
			"setId": 2,
			"iconIdx": 4
		},
		{
			"icon": {
				"paths": [
					"M383.75 256l-383.75 383.75h767.5l-383.75-383.75z"
				],
				"width": 767,
				"attrs": [],
				"isMulticolor": false,
				"tags": [
					"triangle-up"
				],
				"defaultCode": 61610,
				"grid": 16
			},
			"attrs": [],
			"properties": {
				"id": 7,
				"order": 20,
				"prevSize": 32,
				"code": 61610,
				"name": "triangle-up"
			},
			"setIdx": 0,
			"setId": 2,
			"iconIdx": 5
		},
		{
			"icon": {
				"paths": [
					"M723.2 599.467c-59.733 59.733-59.733 119.467-119.467 119.467s-119.467-59.733-179.2-119.467-119.467-119.467-119.467-179.2 59.733-59.733 119.467-119.467-119.467-238.933-179.2-238.933-179.2 179.2-179.2 179.2c0 119.467 122.733 361.667 238.933 477.867s358.4 238.933 477.867 238.933c0 0 179.2-119.467 179.2-179.2s-179.2-238.933-238.933-179.2z"
				],
				"attrs": [],
				"isMulticolor": false,
				"tags": [
					"phone",
					"telephone",
					"contact",
					"support",
					"call"
				],
				"grid": 16
			},
			"attrs": [],
			"properties": {
				"order": 21,
				"prevSize": 32,
				"ligatures": "phone, telephone",
				"name": "phone",
				"id": 3,
				"code": 59648
			},
			"setIdx": 0,
			"setId": 2,
			"iconIdx": 6
		}
	],
	"height": 1024,
	"metadata": {
		"name": "icomoon"
	},
	"preferences": {
		"showGlyphs": true,
		"showCodes": true,
		"showQuickUse": true,
		"showQuickUse2": true,
		"showSVGs": true,
		"fontPref": {
			"prefix": "icon-",
			"metadata": {
				"fontFamily": "icomoon",
				"majorVersion": 1,
				"minorVersion": 0
			},
			"metrics": {
				"emSize": 1024,
				"baseline": 6.25,
				"whitespace": 50
			},
			"embed": false,
			"noie8": false,
			"ie7": false,
			"showSelector": false,
			"showMetrics": false,
			"showMetadata": false,
			"showVersion": false
		},
		"imagePref": {
			"prefix": "icon-",
			"png": true,
			"useClassSelector": true,
			"color": 0,
			"bgColor": 16777215,
			"classSelector": ".icon"
		},
		"historySize": 100,
		"gridSize": 16,
		"showGrid": true
	}
}